"","sigma","mu1","mu2","delta","co.fracELT","co.fracERT","co.fracsym","co.meanELT","co.meanERT","co.meansym","co.numELT","co.numERT","co.numsym"
"1",0.4,0.1,0.1,0,1.000001,1.000001,1.000001,1000001,1000001,1000001,1,1,1
"2",0.4,0.1,0.1,0.1,1.000001,1.000001,1.000001,1000001,1000001,1000001,1,1,1
"3",0.4,0.1,0.1,0.2,0.9996292,0.9997042,0.9996923,203460.895570118,158710.249452862,152328.396968855,17.3,13.2,18.5
"4",0.4,0.1,0.1,0.3,0.9929961,0.992757,0.9916287,4113.48829139349,3924.83355245181,2430.51592229921,252.6,255.8,419.6
"5",0.4,0.1,0.1,0.4,0.9635032,0.9631753,0.961467,875.963846169059,870.969324395591,590.464889430395,1109.8,1112,1634.1
"6",0.4,0.1,0.1,0.5,0.9002576,0.8988403,0.9059595,360.221746990414,353.995123490759,250.198581826787,2507,2540.5,3630.8
"7",0.4,0.1,0.1,0.6,0.8062138,0.8036637,0.7987764,202.999006877377,198.653396938838,132.680647614584,3981,4050,6025.6
"8",0.4,0.1,0.1,0.7,0.660323,0.6622495,0.6667408,126.802812780324,127.410530097548,86.3511801511559,5213.8,5202.8,7724
"9",0.4,0.1,0.1,0.8,0.4908071,0.4946188,0.4783039,91.2364720731155,91.2935869478842,61.2967083987135,5385.9,5418.8,7804.9
"10",0.4,0.1,0.1,0.9,0.2623025,0.2768629,0.2739508,69.307793488765,71.1550912647948,47.5886813740986,3781.4,3894.6,5753.5
"11",0.4,0.1,0.1,1,0.0196359,0.0204695,0.019962,57.2133867716424,61.5376386740167,40.3900774251199,353.5,351.5,535.3
"12",0.4,0.1,0.5,0,1.000001,1.000001,1.000001,1000001,1000001,1000001,1,1,1
"13",0.4,0.1,0.5,0.1,8.49e-05,8.73e-05,8.66e-05,84.9,87.3,86.6,1,1,1
"14",0.4,0.1,0.5,0.2,4.2e-05,4.21e-05,4.23e-05,40,42.1,42.3,1.1,1,1
"15",0.4,0.1,0.5,0.3,2.89e-05,2.72e-05,2.85e-05,28.9,27.2,28.5,1,1,1
"16",0.4,0.1,0.5,0.4,2.13e-05,2.16e-05,2.1e-05,21.3,21.6,21,1,1,1
"17",0.4,0.1,0.5,0.5,1.69e-05,1.67e-05,1.67e-05,16.9,15.8,16.7,1,1.1,1
"18",0.4,0.1,0.5,0.6,1.39e-05,1.33e-05,1.3e-05,13.9,13.3,13,1,1,1
"19",0.4,0.1,0.5,0.7,1.14e-05,1.11e-05,1.13e-05,10.85,11.1,11.3,1.1,1,1
"20",0.4,0.1,0.5,0.8,1.01e-05,1.05e-05,1.06e-05,10.1,10.5,10.6,1,1,1
"21",0.4,0.1,0.5,0.9,9.8e-06,9.4e-06,8.8e-06,9.3,9.4,8.8,1.1,1,1
"22",0.4,0.1,0.5,1,7.9e-06,8.3e-06,7.3e-06,7.9,8.3,7.3,1,1,1
"23",0.4,0.1,0.9,0,1.000001,1.000001,1.000001,1000001,1000001,1000001,1,1,1
"24",0.4,0.1,0.9,0.1,4.69e-05,4.71e-05,4.76e-05,46.9,47.1,47.6,1,1,1
"25",0.4,0.1,0.9,0.2,2.27e-05,2.38e-05,2.38e-05,22.7,23.8,23.8,1,1,1
"26",0.4,0.1,0.9,0.3,1.51e-05,1.57e-05,1.56e-05,15.1,15.7,15.6,1,1,1
"27",0.4,0.1,0.9,0.4,1.18e-05,1.16e-05,1.15e-05,11.8,11.6,11.5,1,1,1
"28",0.4,0.1,0.9,0.5,8.9e-06,8.7e-06,8.7e-06,8.9,8.7,8.7,1,1,1
"29",0.4,0.1,0.9,0.6,7.6e-06,7.5e-06,7.5e-06,7.6,7.5,7.5,1,1,1
"30",0.4,0.1,0.9,0.7,6e-06,6e-06,6.1e-06,6,6,6.1,1,1,1
"31",0.4,0.1,0.9,0.8,5.9e-06,5.4e-06,5.5e-06,5.9,5.4,5.5,1,1,1
"32",0.4,0.1,0.9,0.9,4.4e-06,4.8e-06,4.7e-06,4.4,4.8,4.7,1,1,1
"33",0.4,0.1,0.9,1,4.3e-06,4.2e-06,4.3e-06,4.3,4.2,4.3,1,1,1
"34",0.4,0.5,0.1,0,1.000001,1.000001,1.000001,1000001,1000001,1000001,1,1,1
"35",0.4,0.5,0.1,0.1,8.43e-05,8.47e-05,8.26e-05,84.3,84.7,82.6,1,1,1
"36",0.4,0.5,0.1,0.2,4.22e-05,4.47e-05,4.21e-05,42.2,44.7,42.1,1,1,1
"37",0.4,0.5,0.1,0.3,2.82e-05,3.02e-05,2.82e-05,28.2,30.2,28.2,1,1,1
"38",0.4,0.5,0.1,0.4,2.13e-05,2.06e-05,2.03e-05,21.3,20.6,20.3,1,1,1
"39",0.4,0.5,0.1,0.5,1.61e-05,1.72e-05,1.58e-05,16.1,17.2,15.8,1,1,1
"40",0.4,0.5,0.1,0.6,1.3e-05,1.36e-05,1.37e-05,13,12.9,13.7,1,1.1,1
"41",0.4,0.5,0.1,0.7,1.12e-05,1.2e-05,1.21e-05,11.2,12,12.1,1,1,1
"42",0.4,0.5,0.1,0.8,1.02e-05,9.9e-06,9.9e-06,9.65,9.9,9.9,1.1,1,1
"43",0.4,0.5,0.1,0.9,8.3e-06,9.1e-06,9.2e-06,8.3,8.65,9.2,1,1.1,1
"44",0.4,0.5,0.1,1,7.4e-06,8.9e-06,8.6e-06,7.4,8.9,8.6,1,1,1
"45",0.4,0.5,0.5,0,1.000001,1.000001,1.000001,1000001,1000001,1000001,1,1,1
"46",0.4,0.5,0.5,0.1,1.000001,1.000001,1.000001,1000001,1000001,1000001,1,1,1
"47",0.4,0.5,0.5,0.2,0.9995829,0.9992726,0.9995547,114003.390661884,56219.3510651752,63955.5187843564,14.2,27.3,17.4
"48",0.4,0.5,0.5,0.3,0.9917222,0.9917807,0.9927835,3731.85923604341,3855.47004641741,2629.56738831943,277.1,265.7,382.2
"49",0.4,0.5,0.5,0.4,0.962179,0.9619494,0.9651367,877.911519474064,846.440368479592,614.944607467407,1104.1,1142.2,1579.8
"50",0.4,0.5,0.5,0.5,0.897031,0.8953048,0.9004733,355.665387586127,350.282632398288,244.254991677296,2531.8,2566.1,3689.6
"51",0.4,0.5,0.5,0.6,0.8027292,0.8015578,0.7971542,196.603131562691,199.383345844681,131.79322208732,4087.3,4024.2,6056.9
"52",0.4,0.5,0.5,0.7,0.6670899,0.6626622,0.6576614,128.969475456113,130.955061803274,85.9746655867782,5176.6,5068.2,7653.6
"53",0.4,0.5,0.5,0.8,0.5003775,0.4904165,0.4818417,90.8424432496747,91.2595913722117,61.4850370730424,5511.8,5375.8,7845.6
"54",0.4,0.5,0.5,0.9,0.2608909,0.2722908,0.2677147,68.818825017334,70.3761093868828,46.4831971692535,3788.6,3864.7,5767.1
"55",0.4,0.5,0.5,1,0.0175449,0.0226232,0.0237802,56.9744267551854,52.5717149423097,39.1795556694361,298.2,417.3,612.2
"56",0.4,0.5,0.9,0,1.000001,1.000001,1.000001,1000001,1000001,1000001,1,1,1
"57",0.4,0.5,0.9,0.1,8.57e-05,8.55e-05,8.46e-05,85.7,81.4,84.6,1,1.1,1
"58",0.4,0.5,0.9,0.2,4.12e-05,4.4e-05,4.3e-05,41.2,44,43,1,1,1
"59",0.4,0.5,0.9,0.3,2.64e-05,2.8e-05,2.78e-05,26.4,26.55,27.8,1,1.1,1
"60",0.4,0.5,0.9,0.4,2.06e-05,2.14e-05,1.99e-05,20.6,21.4,19.9,1,1,1
"61",0.4,0.5,0.9,0.5,1.63e-05,1.68e-05,1.73e-05,16.3,16.8,17.3,1,1,1
"62",0.4,0.5,0.9,0.6,1.43e-05,1.32e-05,1.32e-05,14.3,13.2,13.2,1,1,1
"63",0.4,0.5,0.9,0.7,1.17e-05,1.15e-05,1.09e-05,11,11.5,10.9,1.1,1,1
"64",0.4,0.5,0.9,0.8,1.04e-05,9.7e-06,1.04e-05,10.4,9.7,10.4,1,1,1
"65",0.4,0.5,0.9,0.9,8.7e-06,8.7e-06,9.1e-06,8.25,8.7,9.1,1.1,1,1
"66",0.4,0.5,0.9,1,8e-06,7.8e-06,7.4e-06,7.6,7.8,7.4,1.1,1,1
"67",0.4,0.9,0.1,0,1.000001,1.000001,1.000001,1000001,1000001,1000001,1,1,1
"68",0.4,0.9,0.1,0.1,4.73e-05,4.79e-05,4.65e-05,47.3,47.9,46.5,1,1,1
"69",0.4,0.9,0.1,0.2,2.36e-05,2.33e-05,2.33e-05,23.6,23.3,23.3,1,1,1
"70",0.4,0.9,0.1,0.3,1.53e-05,1.55e-05,1.47e-05,15.3,15.5,14.7,1,1,1
"71",0.4,0.9,0.1,0.4,1.14e-05,1.15e-05,1.12e-05,11.4,11.5,11.2,1,1,1
"72",0.4,0.9,0.1,0.5,8.5e-06,8.8e-06,9.1e-06,8.5,8.8,9.1,1,1,1
"73",0.4,0.9,0.1,0.6,7.4e-06,7.2e-06,7.2e-06,7.4,7.2,7.2,1,1,1
"74",0.4,0.9,0.1,0.7,5.8e-06,6.4e-06,6.3e-06,5.8,6.4,6.3,1,1,1
"75",0.4,0.9,0.1,0.8,5.3e-06,5.4e-06,5.2e-06,5.3,5.4,5.2,1,1,1
"76",0.4,0.9,0.1,0.9,4.9e-06,4.6e-06,4.8e-06,4.9,4.6,4.8,1,1,1
"77",0.4,0.9,0.1,1,4.4e-06,4.3e-06,4.4e-06,4.4,4.3,4.4,1,1,1
"78",0.4,0.9,0.5,0,1.000001,1.000001,1.000001,1000001,1000001,1000001,1,1,1
"79",0.4,0.9,0.5,0.1,8.36e-05,8.56e-05,8.5e-05,83.6,81.3,85,1,1.1,1
"80",0.4,0.9,0.5,0.2,4.23e-05,4.07e-05,4.2e-05,42.3,40.7,42,1,1,1
"81",0.4,0.9,0.5,0.3,2.77e-05,2.82e-05,2.73e-05,27.7,28.2,27.3,1,1,1
"82",0.4,0.9,0.5,0.4,2.07e-05,2.11e-05,2.13e-05,20.7,21.1,21.3,1,1,1
"83",0.4,0.9,0.5,0.5,1.61e-05,1.65e-05,1.65e-05,16.1,16.5,16.5,1,1,1
"84",0.4,0.9,0.5,0.6,1.3e-05,1.4e-05,1.35e-05,12.15,14,13.5,1.1,1,1
"85",0.4,0.9,0.5,0.7,1.09e-05,1.19e-05,1.19e-05,10.9,11.9,11.9,1,1,1
"86",0.4,0.9,0.5,0.8,9.8e-06,1.03e-05,1.09e-05,9.8,10.3,10.9,1,1,1
"87",0.4,0.9,0.5,0.9,9.4e-06,8.5e-06,9.4e-06,8.9,8.5,9.4,1.1,1,1
"88",0.4,0.9,0.5,1,7.9e-06,7.6e-06,8.7e-06,7.9,7.6,8.7,1,1,1
"89",0.4,0.9,0.9,0,1.000001,1.000001,1.000001,1000001,1000001,1000001,1,1,1
"90",0.4,0.9,0.9,0.1,1.000001,1.000001,1.000001,1000001,1000001,1000001,1,1,1
"91",0.4,0.9,0.9,0.2,0.9996493,0.9995656,0.9995531,235876.144935083,128420.423842593,80914.8999613694,15.9,15.7,19.3
"92",0.4,0.9,0.9,0.3,0.9919468,0.9925284,0.9922353,4057.88187798799,3646.10753700165,2624.89130291695,249.7,279.6,389.4
"93",0.4,0.9,0.9,0.4,0.9655194,0.962904,0.9614597,902.568334489025,902.468655100401,563.234802868009,1074.6,1073.8,1710.7
"94",0.4,0.9,0.9,0.5,0.9007871,0.900792,0.9020777,362.930324535352,363.777700977929,252.064717686423,2484.1,2486.8,3592.8
"95",0.4,0.9,0.9,0.6,0.799621,0.7972164,0.7972273,203.232875157992,194.453506527833,132.123890482912,3943.4,4105.7,6040.4
"96",0.4,0.9,0.9,0.7,0.6692367,0.6630767,0.6654649,129.655958522584,130.159891128246,86.4177350779552,5171.6,5096.5,7706.7
"97",0.4,0.9,0.9,0.8,0.4941021,0.4894256,0.497494,91.7699063218758,91.6370792298637,62.9842636843856,5386,5342.2,7908.9
"98",0.4,0.9,0.9,0.9,0.2763725,0.2774494,0.2868177,70.0932085632817,69.9388642669342,48.5847993286882,3944.4,3976.5,5900.8
"99",0.4,0.9,0.9,1,0.027629,0.0292233,0.0271068,58.2540277949618,56.5721763064383,41.8125226481991,498.2,504.8,695.1
"100",0.8,0.1,0.1,0,1.000001,1.000001,1.000001,1000001,1000001,1000001,1,1,1
"101",0.8,0.1,0.1,0.1,1.000001,1.000001,1.000001,1000001,1000001,1000001,1,1,1
"102",0.8,0.1,0.1,0.2,0.9995609,0.999706,0.9995548,44545.0089043432,40551.2028733579,23977.0024853935,27,27,47.6
"103",0.8,0.1,0.1,0.3,0.9918979,0.9924136,0.9922372,1965.06389115951,2024.93504177271,1278.22232876589,508,492.8,781.6
"104",0.8,0.1,0.1,0.4,0.9618387,0.9631208,0.9607422,450.434411186146,457.187389869594,297.179375597744,2138.6,2111.5,3241.9
"105",0.8,0.1,0.1,0.5,0.9024169,0.8997181,0.90298,189.913074145908,188.597389711749,124.456400999255,4754.5,4773.8,7262.5
"106",0.8,0.1,0.1,0.6,0.8051599,0.8033538,0.801433,102.979413474602,102.206672091072,68.5851345036553,7820.4,7862.1,11688.8
"107",0.8,0.1,0.1,0.7,0.6706559,0.6685092,0.6649462,65.6934334703435,65.943027131578,43.9862855621211,10211.1,10141.3,15120.3
"108",0.8,0.1,0.1,0.8,0.4978303,0.4955348,0.4919626,46.5325252923932,46.5681225036765,31.1183728269353,10699.9,10644.1,15811.8
"109",0.8,0.1,0.1,0.9,0.2825722,0.2826886,0.2734778,35.1569362701073,35.3681039706877,23.6173827474816,8038.2,7995.9,11577.1
"110",0.8,0.1,0.1,1,0.0125238,0.0150703,0.0050027,26.4295823629244,28.8249897361935,18.6772467010623,431.4,535.9,265.5
"111",0.8,0.1,0.5,0,1.000001,1.000001,1.000001,1000001,1000001,1000001,1,1,1
"112",0.8,0.1,0.5,0.1,9.21e-05,9.34e-05,9.47e-05,92.1,82,82.1833333333333,1,1.3,1.3
"113",0.8,0.1,0.5,0.2,4.66e-05,4.61e-05,4.85e-05,41.3,40.7333333333333,43.25,1.2,1.3,1.3
"114",0.8,0.1,0.5,0.3,2.98e-05,3.04e-05,2.9e-05,29.8,26.4833333333333,29,1,1.3,1
"115",0.8,0.1,0.5,0.4,2.23e-05,2.25e-05,2.42e-05,22.3,19.2166666666667,24.2,1,1.3,1
"116",0.8,0.1,0.5,0.5,1.61e-05,1.79e-05,1.81e-05,16.1,16.2333333333333,18.1,1,1.2,1
"117",0.8,0.1,0.5,0.6,1.52e-05,1.54e-05,1.43e-05,13.775,15.4,13.55,1.3,1,1.1
"118",0.8,0.1,0.5,0.7,1.33e-05,1.12e-05,1.16e-05,12.5,10.7,11.6,1.1,1.1,1
"119",0.8,0.1,0.5,0.8,9.9e-06,9.3e-06,1.06e-05,9.9,8.65,10.6,1,1.1,1
"120",0.8,0.1,0.5,0.9,8.3e-06,1.08e-05,8.8e-06,8.3,10.8,7.8,1,1,1.2
"121",0.8,0.1,0.5,1,7.4e-06,8e-06,7.4e-06,7.4,7.65,6.9,1,1.1,1.1
"122",0.8,0.1,0.9,0,1.000001,1.000001,1.000001,1000001,1000001,1000001,1,1,1
"123",0.8,0.1,0.9,0.1,4.78e-05,4.81e-05,4.78e-05,47.8,48.1,47.8,1,1,1
"124",0.8,0.1,0.9,0.2,2.45e-05,2.5e-05,2.49e-05,23.2,25,24.9,1.1,1,1
"125",0.8,0.1,0.9,0.3,1.56e-05,1.69e-05,1.58e-05,15.6,16.9,15.8,1,1,1
"126",0.8,0.1,0.9,0.4,1.09e-05,1.19e-05,1.08e-05,10.9,11.25,10.8,1,1.1,1
"127",0.8,0.1,0.9,0.5,9.4e-06,9.2e-06,9.9e-06,9.4,9.2,9.9,1,1,1
"128",0.8,0.1,0.9,0.6,6.8e-06,8.1e-06,7.4e-06,6.8,8.1,7.4,1,1,1
"129",0.8,0.1,0.9,0.7,6.3e-06,6.2e-06,6.3e-06,6.3,6.2,6.3,1,1,1
"130",0.8,0.1,0.9,0.8,4.9e-06,6.2e-06,6e-06,4.9,6.2,6,1,1,1
"131",0.8,0.1,0.9,0.9,5.1e-06,4.7e-06,4.4e-06,5.1,4.7,4.4,1,1,1
"132",0.8,0.1,0.9,1,4.4e-06,4.8e-06,4.6e-06,4.4,4.8,4.6,1,1,1
"133",0.8,0.5,0.1,0,1.000001,1.000001,1.000001,1000001,1000001,1000001,1,1,1
"134",0.8,0.5,0.1,0.1,8.94e-05,9.18e-05,8.83e-05,80.25,91.8,84.05,1.2,1,1.1
"135",0.8,0.5,0.1,0.2,4.66e-05,4.48e-05,4.62e-05,44.7,39.15,43.75,1.1,1.2,1.1
"136",0.8,0.5,0.1,0.3,3.49e-05,3.07e-05,2.82e-05,34.9,28.5,26.5,1,1.1,1.1
"137",0.8,0.5,0.1,0.4,2.36e-05,2.17e-05,2.2e-05,19.9,21.7,22,1.3,1,1
"138",0.8,0.5,0.1,0.5,2.1e-05,1.74e-05,1.9e-05,18.8,16.3,18.15,1.2,1.1,1.1
"139",0.8,0.5,0.1,0.6,1.22e-05,1.45e-05,1.3e-05,10.4,13.7,13,1.2,1.1,1
"140",0.8,0.5,0.1,0.7,1.29e-05,1.19e-05,1.29e-05,11.35,9.15,12.4,1.2,1.4,1.1
"141",0.8,0.5,0.1,0.8,1.24e-05,1.02e-05,1.01e-05,9.86666666666667,8.75,9.65,1.4,1.2,1.1
"142",0.8,0.5,0.1,0.9,1.04e-05,8.2e-06,8.8e-06,9.2,8.2,8.15,1.2,1,1.1
"143",0.8,0.5,0.1,1,8.5e-06,8.6e-06,9.2e-06,8.5,7.55,9.2,1,1.2,1
"144",0.8,0.5,0.5,0,1.000001,1.000001,1.000001,1000001,1000001,1000001,1,1,1
"145",0.8,0.5,0.5,0.1,1.000001,1.000001,1.000001,1000001,1000001,1000001,1,1,1
"146",0.8,0.5,0.5,0.2,0.9994739,0.999602,0.9997141,27506.0050917987,42246.2950113512,29063.6033422632,39.1,26.9,40.2
"147",0.8,0.5,0.5,0.3,0.9915961,0.9916724,0.9923483,1859.76267933295,1887.10774728184,1266.80266338527,538,527.9,788.5
"148",0.8,0.5,0.5,0.4,0.9618976,0.9611968,0.9632419,448.591123682862,443.473723589885,305.215818216419,2148.8,2170.2,3159.9
"149",0.8,0.5,0.5,0.5,0.900499,0.9012576,0.8975303,186.05923217449,184.328935280913,121.617796938269,4842.7,4894,7383.5
"150",0.8,0.5,0.5,0.6,0.8024112,0.803345,0.8031293,102.206660938497,102.877360114242,68.1998480704734,7855.3,7810.4,11782.1
"151",0.8,0.5,0.5,0.7,0.6676168,0.6699067,0.6645683,65.2959061432704,66.0781982046741,43.9793794397296,10228.2,10140.1,15114.6
"152",0.8,0.5,0.5,0.8,0.4952303,0.5011624,0.4929084,46.2805575937359,46.2970461627868,31.0652141161462,10702.3,10826.9,15868.1
"153",0.8,0.5,0.5,0.9,0.2852119,0.2818374,0.2750868,35.0277621500201,35.5744644537559,23.6600952181363,8144.1,7924.6,11627.9
"154",0.8,0.5,0.5,1,0.0138494,0.0092242,0.0105863,28.2867431318069,29.5797215012822,19.6488421536776,491.1,325.7,528.6
"155",0.8,0.5,0.9,0,1.000001,1.000001,1.000001,1000001,1000001,1000001,1,1,1
"156",0.8,0.5,0.9,0.1,9.55e-05,8.86e-05,9.51e-05,91.5,79.45,95.1,1.1,1.2,1
"157",0.8,0.5,0.9,0.2,4.36e-05,4.85e-05,4.8e-05,39.85,45.8,38.7,1.2,1.1,1.4
"158",0.8,0.5,0.9,0.3,3.14e-05,2.74e-05,2.9e-05,27.65,23,27.55,1.3,1.3,1.1
"159",0.8,0.5,0.9,0.4,2.21e-05,2.35e-05,2.35e-05,22.1,23.5,21.15,1,1,1.2
"160",0.8,0.5,0.9,0.5,1.95e-05,1.85e-05,1.59e-05,17.45,18.5,15.9,1.2,1,1
"161",0.8,0.5,0.9,0.6,1.38e-05,1.4e-05,1.57e-05,13.8,12.0333333333333,15.7,1,1.3,1
"162",0.8,0.5,0.9,0.7,1.29e-05,1.16e-05,1.29e-05,12.2,11.6,11.5666666666667,1.1,1,1.2
"163",0.8,0.5,0.9,0.8,1e-05,1.24e-05,8.8e-06,9.35,11.05,8.8,1.1,1.2,1
"164",0.8,0.5,0.9,0.9,9.3e-06,1e-05,1.12e-05,8.65,8.65,10.5333333333333,1.1,1.2,1.2
"165",0.8,0.5,0.9,1,8e-06,8.7e-06,8.2e-06,8,7.48333333333333,7.8,1,1.3,1.1
"166",0.8,0.9,0.1,0,1.000001,1.000001,1.000001,1000001,1000001,1000001,1,1,1
"167",0.8,0.9,0.1,0.1,4.81e-05,4.97e-05,4.81e-05,43.05,49.7,48.1,1.2,1,1
"168",0.8,0.9,0.1,0.2,2.56e-05,2.36e-05,2.43e-05,24.15,23.6,24.3,1.1,1,1
"169",0.8,0.9,0.1,0.3,1.66e-05,1.54e-05,1.69e-05,16.6,15.4,16.9,1,1,1
"170",0.8,0.9,0.1,0.4,1.16e-05,1.18e-05,1.11e-05,11.6,11.15,11.1,1,1.1,1
"171",0.8,0.9,0.1,0.5,8.9e-06,9.4e-06,9.1e-06,8.9,9.4,8.7,1,1,1.1
"172",0.8,0.9,0.1,0.6,7.2e-06,8.2e-06,7.6e-06,7.2,7.65,7.6,1,1.1,1
"173",0.8,0.9,0.1,0.7,6.9e-06,7.3e-06,6.6e-06,6.9,7.3,6.6,1,1,1
"174",0.8,0.9,0.1,0.8,6.1e-06,5.4e-06,6e-06,5.7,5.4,6,1.1,1,1
"175",0.8,0.9,0.1,0.9,5e-06,4.3e-06,4.5e-06,5,4.3,4.5,1,1,1
"176",0.8,0.9,0.1,1,5.3e-06,3.9e-06,4.4e-06,5.05,3.9,4.4,1.1,1,1
"177",0.8,0.9,0.5,0,1.000001,1.000001,1.000001,1000001,1000001,1000001,1,1,1
"178",0.8,0.9,0.5,0.1,9.02e-05,9.19e-05,9.29e-05,80.95,86.95,92.9,1.2,1.1,1
"179",0.8,0.9,0.5,0.2,4.78e-05,4.67e-05,4.48e-05,42.7,43.5666666666667,41,1.2,1.2,1.2
"180",0.8,0.9,0.5,0.3,2.89e-05,2.91e-05,2.85e-05,24.7666666666667,27.4,27.2,1.4,1.1,1.1
"181",0.8,0.9,0.5,0.4,2.11e-05,2.15e-05,2.21e-05,21.1,18.7666666666667,20.8,1,1.3,1.1
"182",0.8,0.9,0.5,0.5,1.66e-05,2.22e-05,1.81e-05,13.8,20.15,15.05,1.4,1.2,1.3
"183",0.8,0.9,0.5,0.6,1.63e-05,1.32e-05,1.53e-05,15.75,13.2,13.35,1.1,1,1.2
"184",0.8,0.9,0.5,0.7,1.26e-05,1.32e-05,1.16e-05,12.6,13.2,10.9,1,1,1.1
"185",0.8,0.9,0.5,0.8,1.05e-05,1.21e-05,1.11e-05,9.25,11.1666666666667,10.55,1.2,1.2,1.1
"186",0.8,0.9,0.5,0.9,8.8e-06,1.04e-05,9.6e-06,8,10.4,9.6,1.2,1,1
"187",0.8,0.9,0.5,1,7.8e-06,8.7e-06,9.6e-06,6.95,8.7,8.85,1.2,1,1.2
"188",0.8,0.9,0.9,0,1.000001,1.000001,1.000001,1000001,1000001,1000001,1,1,1
"189",0.8,0.9,0.9,0.1,1.000001,1.000001,1.000001,1000001,1000001,1000001,1,1,1
"190",0.8,0.9,0.9,0.2,0.9995772,0.999551,0.9996037,43331.4517842602,35820.7261101367,21266.2252715619,27.3,33.1,50.6
"191",0.8,0.9,0.9,0.3,0.991599,0.9916346,0.9918199,1819.60452198017,1874.40821981794,1283.82329590324,547.1,530.7,776
"192",0.8,0.9,0.9,0.4,0.9613357,0.9625266,0.9622741,446.742689686252,465.75306887689,300.99751497669,2155.4,2069.1,3201.5
"193",0.8,0.9,0.9,0.5,0.8985982,0.9015299,0.9019489,186.257166962148,187.889862987022,126.332795722438,4828.9,4802.8,7145.4
"194",0.8,0.9,0.9,0.6,0.80086,0.8023203,0.7976628,101.941734793807,102.671323357672,67.7154234319382,7858,7818.1,11784.4
"195",0.8,0.9,0.9,0.7,0.6682933,0.6716023,0.6647174,65.799184570473,66.1009159812346,43.7413152744892,10158.6,10161.3,15198.8
"196",0.8,0.9,0.9,0.8,0.4951027,0.4982263,0.4943755,46.1366778376832,46.7386508499288,31.2134664094931,10732.9,10661.1,15840.4
"197",0.8,0.9,0.9,0.9,0.2778944,0.2829022,0.2704479,34.9297585124826,35.0905941011517,23.4742599134462,7955.2,8060.7,11518.6
"198",0.8,0.9,0.9,1,0.0108716,0.0103026,0.0107418,26.7091379758432,29.6456888760321,19.7597644370607,396.6,357,548.3
"199",1.6,0.1,0.1,0,1.000001,1.000001,1.000001,1000001,1000001,1000001,1,1,1
"200",1.6,0.1,0.1,0.1,1.000001,1.000001,1.000001,1000001,1000001,1000001,1,1,1
"201",1.6,0.1,0.1,0.2,0.9994352,0.9995002,0.9995751,15947.6730637086,17254.4469923923,11798.8990506054,65.6,61.2,88.4
"202",1.6,0.1,0.1,0.3,0.9908682,0.9909654,0.9912633,1015.86365961809,1030.43014101701,639.748076579884,977.4,964.5,1550.1
"203",1.6,0.1,0.1,0.4,0.9602904,0.9604384,0.9620491,250.113526232358,249.528034668736,160.357199006166,3843,3849.8,6000.4
"204",1.6,0.1,0.1,0.5,0.8996812,0.9000654,0.8990514,104.271503049969,104.843898946975,65.3789262864456,8629.6,8587.6,13755.9
"205",1.6,0.1,0.1,0.6,0.8069979,0.8069145,0.8043107,56.0037331775066,56.2461437913768,35.9022249300296,14412.4,14346.6,22405.5
"206",1.6,0.1,0.1,0.7,0.6803015,0.680053,0.6759549,35.5205679964496,35.5696601358543,22.9115671427139,19153.1,19122.2,29505.6
"207",1.6,0.1,0.1,0.8,0.5184453,0.5187316,0.5028451,24.6146546970401,24.7307078580033,15.9490231404663,21063,20975.8,31530
"208",1.6,0.1,0.1,0.9,0.3113788,0.309359,0.2881162,18.0594692324367,17.9913304042554,12.0015881354284,17240.8,17196.2,24008.2
"209",1.6,0.1,0.1,1,0.0029772,0.0079345,0.0063153,13.5195178672815,13.8757473465907,9.13422709335958,221.9,562.9,670.8
"210",1.6,0.1,0.5,0,1.000001,1.000001,1.000001,1000001,1000001,1000001,1,1,1
"211",1.6,0.1,0.5,0.1,0.0001789,0.0001296,0.000144,171.35,84.4357142857143,62.495,1.1,2,3.1
"212",1.6,0.1,0.5,0.2,7.22e-05,7.52e-05,8.06e-05,42.775,33.225,55.9071428571429,2.2,2.7,2
"213",1.6,0.1,0.5,0.3,3.87e-05,5e-05,3.5e-05,19.45,27.2194444444444,28.85,2.4,2.8,1.4
"214",1.6,0.1,0.5,0.4,2.55e-05,3.14e-05,3.07e-05,18.4166666666667,21.2,20.875,1.6,1.7,1.8
"215",1.6,0.1,0.5,0.5,2.39e-05,2.3e-05,2.81e-05,14.9361111111111,15.0333333333333,14.2666666666667,2.3,1.8,2.5
"216",1.6,0.1,0.5,0.6,1.59e-05,1.81e-05,1.84e-05,14.5,18.1,11.7533333333333,1.2,1,2
"217",1.6,0.1,0.5,0.7,1.62e-05,1.65e-05,2.3e-05,13.3333333333333,8.95,13.4583333333333,1.5,2.1,2.2
"218",1.6,0.1,0.5,0.8,1.14e-05,1.37e-05,1.35e-05,10.45,10.85,9.6,1.2,1.4,1.4
"219",1.6,0.1,0.5,0.9,8.9e-06,1.26e-05,1.3e-05,8.5,12.6,11.4666666666667,1.1,1,1.2
"220",1.6,0.1,0.5,1,9.6e-06,1.21e-05,5.7e-06,5.96666666666667,8.51,5.35,1.7,1.6,1.1
"221",1.6,0.1,0.9,0,1.000001,1.000001,1.000001,1000001,1000001,1000001,1,1,1
"222",1.6,0.1,0.9,0.1,5.95e-05,5.72e-05,5.83e-05,59.5,57.2,54.85,1,1,1.1
"223",1.6,0.1,0.9,0.2,2.7e-05,2.64e-05,2.74e-05,24.25,24.45,22.85,1.2,1.1,1.3
"224",1.6,0.1,0.9,0.3,1.85e-05,1.68e-05,1.74e-05,18.5,14.8,16.4,1,1.2,1.1
"225",1.6,0.1,0.9,0.4,1.25e-05,1.35e-05,1.54e-05,11.85,12.75,15.4,1.1,1.1,1
"226",1.6,0.1,0.9,0.5,1.09e-05,1.06e-05,1.09e-05,9.5,10.6,10,1.2,1,1.2
"227",1.6,0.1,0.9,0.6,1.13e-05,8.4e-06,8.5e-06,8.8,7.11666666666667,7.8,1.3,1.3,1.1
"228",1.6,0.1,0.9,0.7,7.8e-06,6.8e-06,6.1e-06,6.55,6.2,6.1,1.3,1.2,1
"229",1.6,0.1,0.9,0.8,5.9e-06,6.9e-06,5.8e-06,5.36666666666667,5.25,5.55,1.2,1.4,1.1
"230",1.6,0.1,0.9,0.9,4.9e-06,4.7e-06,5.9e-06,3.9,4.7,5.9,1.3,1,1
"231",1.6,0.1,0.9,1,4.5e-06,4.4e-06,3.5e-06,4.3,4.4,3.5,1.1,1,1
"232",1.6,0.5,0.1,0,1.000001,1.000001,1.000001,1000001,1000001,1000001,1,1,1
"233",1.6,0.5,0.1,0.1,0.0001891,0.0001381,0.0001238,76.2790476190476,83.8833333333333,61.0666666666667,4.1,2.4,2.6
"234",1.6,0.5,0.1,0.2,6.63e-05,6.3e-05,6.63e-05,43.5216666666667,42.875,49.2833333333333,2,1.7,1.6
"235",1.6,0.5,0.1,0.3,5.3e-05,4.75e-05,3.44e-05,28.2666666666667,23.65,23.9166666666667,2.5,3,1.7
"236",1.6,0.5,0.1,0.4,2.76e-05,2.98e-05,3.13e-05,20.0833333333333,14.62,19.1083333333333,1.7,2.1,2.2
"237",1.6,0.5,0.1,0.5,2.72e-05,2.87e-05,2.69e-05,22.2666666666667,12.7083333333333,16.25,1.4,2.5,2
"238",1.6,0.5,0.1,0.6,1.7e-05,1.53e-05,2.12e-05,14.55,12.9,13.9333333333333,1.3,1.3,1.8
"239",1.6,0.5,0.1,0.7,1.43e-05,1.52e-05,1.37e-05,10.65,11.89,9.7,1.4,1.6,1.6
"240",1.6,0.5,0.1,0.8,1.34e-05,1.29e-05,1.49e-05,11.15,11.2666666666667,11.65,1.3,1.3,1.5
"241",1.6,0.5,0.1,0.9,1.13e-05,1.15e-05,1.09e-05,10.6,8.56666666666667,7.9,1.1,1.2,1.6
"242",1.6,0.5,0.1,1,9.1e-06,1.09e-05,7.2e-06,7.26666666666667,8.625,6.4,1.3,1.5,1.2
"243",1.6,0.5,0.5,0,1.000001,1.000001,1.000001,1000001,1000001,1000001,1,1,1
"244",1.6,0.5,0.5,0.1,1.000001,1.000001,1.000001,1000001,1000001,1000001,1,1,1
"245",1.6,0.5,0.5,0.2,0.9993872,0.9994743,0.9995394,15100.3187527939,16581.6145927894,11302.3780844915,67.6,60.8,91.5
"246",1.6,0.5,0.5,0.3,0.9910267,0.9906521,0.9916777,1015.19767180508,996.875474835217,661.545223792262,978.3,995,1500
"247",1.6,0.5,0.5,0.4,0.9610584,0.9605745,0.9612772,251.715900800797,246.800664756221,157.828978010958,3820.2,3894.4,6092.3
"248",1.6,0.5,0.5,0.5,0.8991707,0.8995588,0.9001044,103.056318802979,103.57413498014,65.4061205259531,8727.8,8688.4,13763.3
"249",1.6,0.5,0.5,0.6,0.8074678,0.8062725,0.8038231,56.3636583521565,56.4311216795419,35.6552825169413,14328.6,14290.4,22545.2
"250",1.6,0.5,0.5,0.7,0.6832872,0.6778759,0.6705456,35.6135009690733,35.3046046624909,22.6085114840419,19187.6,19202.3,29659.4
"251",1.6,0.5,0.5,0.8,0.5232405,0.5192498,0.5044052,24.5699849631215,24.4004534966462,15.9569151470653,21296.7,21281.6,31611.3
"252",1.6,0.5,0.5,0.9,0.3085313,0.3083861,0.2824784,18.0239337069002,18.1213194886087,11.9310950458232,17117.1,17017.9,23678.8
"253",1.6,0.5,0.5,1,0.006554,0.0045179,0.0066486,13.7491243641904,14.2091496268458,9.21383144061245,480.1,321.7,727.1
"254",1.6,0.5,0.9,0,1.000001,1.000001,1.000001,1000001,1000001,1000001,1,1,1
"255",1.6,0.5,0.9,0.1,0.0001491,0.0001447,0.0001294,72.3773809523809,72.325,63.7566666666667,3,3,2.6
"256",1.6,0.5,0.9,0.2,7.26e-05,7.42e-05,6.72e-05,51.0666666666667,46.2357142857143,42.235,1.6,2.4,2.3
"257",1.6,0.5,0.9,0.3,3.41e-05,3.5e-05,5.09e-05,22.8833333333333,20.0916666666667,29.1366666666667,1.9,2,3.2
"258",1.6,0.5,0.9,0.4,2.32e-05,2.45e-05,3.15e-05,18.4666666666667,15.2,19.3416666666667,1.4,1.7,2
"259",1.6,0.5,0.9,0.5,2.64e-05,2.53e-05,2.43e-05,15.5440476190476,17.04,20.26,2.2,1.9,1.5
"260",1.6,0.5,0.9,0.6,1.95e-05,1.83e-05,1.83e-05,14.55,15.8,12.9833333333333,1.6,1.2,1.6
"261",1.6,0.5,0.9,0.7,1.35e-05,2.03e-05,1.64e-05,11.6833333333333,16.1666666666667,13,1.3,1.3,1.4
"262",1.6,0.5,0.9,0.8,1.21e-05,1.07e-05,1.41e-05,10.5,10.7,12.85,1.2,1,1.1
"263",1.6,0.5,0.9,0.9,8.9e-06,1.08e-05,8.8e-06,7.83333333333333,8.6,6.8,1.2,1.3,1.3
"264",1.6,0.5,0.9,1,7.3e-06,1.13e-05,7.8e-06,5.25,9.1,5.65,1.4,1.3,1.4
"265",1.6,0.9,0.1,0,1.000001,1.000001,1.000001,1000001,1000001,1000001,1,1,1
"266",1.6,0.9,0.1,0.1,5.85e-05,5.83e-05,5.44e-05,43.5166666666667,46.0833333333333,43.5,1.6,1.4,1.4
"267",1.6,0.9,0.1,0.2,2.72e-05,2.66e-05,3e-05,24.05,23.7,25.85,1.2,1.2,1.3
"268",1.6,0.9,0.1,0.3,1.86e-05,1.92e-05,1.85e-05,18.6,18.45,18.5,1,1.1,1
"269",1.6,0.9,0.1,0.4,1.59e-05,1.32e-05,1.21e-05,13.6,11.8,10.9,1.2,1.2,1.2
"270",1.6,0.9,0.1,0.5,1.07e-05,1.01e-05,8.7e-06,10.15,9.7,8.05,1.1,1.1,1.2
"271",1.6,0.9,0.1,0.6,9.2e-06,9.4e-06,9.3e-06,8.65,9,8.85,1.1,1.1,1.1
"272",1.6,0.9,0.1,0.7,7.3e-06,6e-06,6.2e-06,7.3,5.05,5.9,1,1.2,1.1
"273",1.6,0.9,0.1,0.8,5.7e-06,7.3e-06,5.6e-06,5.7,6.45,5.2,1,1.2,1.1
"274",1.6,0.9,0.1,0.9,4.6e-06,5.1e-06,5.8e-06,4.35,5.1,5.45,1.1,1,1.1
"275",1.6,0.9,0.1,1,4.7e-06,5.3e-06,4.6e-06,4.45,4.95,4.6,1.1,1.1,1
"276",1.6,0.9,0.5,0,1.000001,1.000001,1.000001,1000001,1000001,1000001,1,1,1
"277",1.6,0.9,0.5,0.1,0.0001624,0.0001995,0.0001352,73.5316666666667,64.5638095238095,108.99,3,4.2,1.8
"278",1.6,0.9,0.5,0.2,6.48e-05,7.22e-05,7.74e-05,53.85,38.51,41.0476190476191,1.3,2.3,2.9
"279",1.6,0.9,0.5,0.3,4.07e-05,3.13e-05,4.12e-05,34.5,25.3333333333333,26.025,1.3,1.4,1.9
"280",1.6,0.9,0.5,0.4,2.86e-05,3.04e-05,4.41e-05,15.5,23.17,31.2566666666667,2,1.6,2
"281",1.6,0.9,0.5,0.5,2.85e-05,2.16e-05,2.47e-05,19.1166666666667,13.5,16.8633333333333,2,1.9,1.9
"282",1.6,0.9,0.5,0.6,1.71e-05,1.99e-05,2.31e-05,13.95,12.3,12.425,1.5,2.1,2
"283",1.6,0.9,0.5,0.7,1.27e-05,1.65e-05,1.65e-05,9.95,11.825,13.6666666666667,1.2,1.6,1.5
"284",1.6,0.9,0.5,0.8,1.28e-05,1.08e-05,1.67e-05,7.50833333333333,9.43333333333333,9.75,1.6,1.3,1.9
"285",1.6,0.9,0.5,0.9,8.9e-06,9.7e-06,1.17e-05,8.9,7.36666666666667,7.51666666666667,1,1.5,1.9
"286",1.6,0.9,0.5,1,8.7e-06,8.8e-06,1.07e-05,8.7,6.1,8.11666666666667,1,1.4,1.5
"287",1.6,0.9,0.9,0,1.000001,1.000001,1.000001,1000001,1000001,1000001,1,1,1
"288",1.6,0.9,0.9,0.1,1.000001,1.000001,1.000001,1000001,1000001,1000001,1,1,1
"289",1.6,0.9,0.9,0.2,0.9995124,0.9995002,0.9996215,17364.6441722872,19349.6459217873,12120.9395592486,59,55.7,84.2
"290",1.6,0.9,0.9,0.3,0.991225,0.9911312,0.9916982,1051.16718153514,1034.76291908989,661.914111962602,944.2,960.8,1504.6
"291",1.6,0.9,0.9,0.4,0.9616432,0.9611611,0.9612167,255.163552016307,250.6493210433,157.362374016612,3771,3836.4,6110.2
"292",1.6,0.9,0.9,0.5,0.899953,0.900541,0.8996675,104.962822902025,104.300206237318,65.6480293716836,8574.3,8635.5,13707
"293",1.6,0.9,0.9,0.6,0.8075914,0.8061724,0.8031222,56.4785356841157,56.2507096471304,35.635854610995,14299.9,14332.5,22538.3
"294",1.6,0.9,0.9,0.7,0.6799203,0.6802382,0.6715238,35.5324496481283,35.4464024301401,22.7187321572614,19136.3,19191.6,29560
"295",1.6,0.9,0.9,0.8,0.5188731,0.5184837,0.5045524,24.3730326333034,24.4084356911334,15.9923511479968,21289.6,21242.8,31553.7
"296",1.6,0.9,0.9,0.9,0.3095811,0.3084552,0.2866127,18.0554836906605,18.0185391523445,12.0087222265983,17145.9,17119.2,23866.2
"297",1.6,0.9,0.9,1,0.0065026,0.0070598,0.0054938,13.8796881719005,13.5892590255057,9.29216354969847,465.6,511.1,581.1
"298",3.2,0.1,0.1,0,1.000001,1.000001,1.000001,1000001,1000001,1000001,1,1,1
"299",3.2,0.1,0.1,0.1,1.0000004,0.9999992,1.000001,950000.65,833333.416666667,1000001,1.1,1.4,1
"300",3.2,0.1,0.1,0.2,0.9993216,0.9993349,0.9993892,8910.88238151877,8903.0702616755,5584.15853672184,113,114.1,180.4
"301",3.2,0.1,0.1,0.3,0.9900844,0.9901011,0.9906276,641.632529833431,636.026153523766,379.71680678508,1543.9,1558.3,2610.7
"302",3.2,0.1,0.1,0.4,0.9591212,0.9592187,0.9599317,159.931290961735,159.614920158462,92.9827291181713,5998.8,6010.3,10325.7
"303",3.2,0.1,0.1,0.5,0.9004277,0.9004078,0.8998296,66.4790861124126,66.8715903828468,38.6422230047982,13545.7,13466.4,23287.1
"304",3.2,0.1,0.1,0.6,0.8119631,0.8119489,0.8098099,35.3414580140684,35.3798222248966,20.6821482087218,22976.3,22950.2,39156
"305",3.2,0.1,0.1,0.7,0.6959804,0.6966628,0.6856558,21.5428217285925,21.5510311845605,12.8183825703993,32308.9,32327.6,53491.5
"306",3.2,0.1,0.1,0.8,0.5502934,0.5509829,0.5324682,14.26228891266,14.2627637323927,8.74453114132441,38583.6,38631.7,60892.2
"307",3.2,0.1,0.1,0.9,0.3615618,0.3615013,0.326226,9.91344151151702,9.8898535769801,6.25228626373564,36471.8,36552.8,52178.6
"308",3.2,0.1,0.1,1,0.0029055,0.0012023,0.0016295,6.85798640722065,7.12480170251451,4.56899898247816,414.1,171.2,353
"309",3.2,0.1,0.5,0,1.000001,1.000001,1.000001,1000001,1000001,1000001,1,1,1
"310",3.2,0.1,0.5,0.1,0.9603976,0.9603603,0.9973068,277.355136075733,277.979559833898,2198.95851371553,3465.6,3457.1,456.4
"311",3.2,0.1,0.5,0.2,0.8097175,0.8099229,0.9454241,55.9820361089739,55.870124949359,116.60055681552,14467.2,14497.7,8110.6
"312",3.2,0.1,0.5,0.3,0.6266002,0.6270771,0.8292063,27.8277162655261,27.8712879683669,39.1734273163697,22519,22500.2,21169
"313",3.2,0.1,0.5,0.4,0.4307117,0.430169,0.6660123,18.0503703238871,18.0997041746062,20.8238952300514,23862.2,23767.1,31984.7
"314",3.2,0.1,0.5,0.5,0.2113129,0.2149545,0.4623958,13.1116508776197,13.1271879621178,13.3970673014403,16116.1,16375.3,34515.8
"315",3.2,0.1,0.5,0.6,0.0005037,0.0004803,0.2072468,12.9975764172603,9.07800181840809,9.55913764848109,44.1,47.7,21683.5
"316",3.2,0.1,0.5,0.7,5.66e-05,4.37e-05,0.0001534,8.90810606060606,12.6941666666667,9.65475570688045,6.4,3.9,19.6
"317",3.2,0.1,0.5,0.8,3.05e-05,1.86e-05,1.98e-05,11.6124242424242,7.9,6.38484848484848,3.1,2.6,3.4
"318",3.2,0.1,0.5,0.9,2.02e-05,1.51e-05,1.84e-05,6.63214285714286,9.32,6.33988095238095,3.3,1.9,3.4
"319",3.2,0.1,0.5,1,1.34e-05,1.44e-05,1.25e-05,7.025,6.725,6.68,2.1,2,2.2
"320",3.2,0.1,0.9,0,1.000001,1.000001,1.000001,1000001,1000001,1000001,1,1,1
"321",3.2,0.1,0.9,0.1,0.4342073,0.4371314,0.5712192,25.241208611933,25.1961038011771,31.4244160825006,17203.2,17349.8,18180.4
"322",3.2,0.1,0.9,0.2,0.1183054,0.1181233,0.1848655,13.3079898478506,13.2678184189722,13.8981569833662,8890.3,8901.5,13301.7
"323",3.2,0.1,0.9,0.3,0.0001031,9.13e-05,0.0001336,11.7502314814815,18.7971153846154,14.6668518518519,9.3,6.8,10.1
"324",3.2,0.1,0.9,0.4,5.35e-05,4.72e-05,4.58e-05,11.0883838383838,11.4619444444444,9.01565826330532,4.9,5.4,5.6
"325",3.2,0.1,0.9,0.5,1.63e-05,1.67e-05,3.29e-05,7.84166666666667,7.86666666666667,7.3747619047619,2.2,2.2,4.2
"326",3.2,0.1,0.9,0.6,1.23e-05,1.27e-05,1.53e-05,7.03333333333333,8.6,8.47083333333333,1.8,1.6,2.3
"327",3.2,0.1,0.9,0.7,1.25e-05,1.12e-05,1.3e-05,6.98333333333333,5.78333333333333,6.6452380952381,1.9,2,2.3
"328",3.2,0.1,0.9,0.8,6.7e-06,1.01e-05,1.27e-05,3.79333333333333,5.99166666666667,9.05,1.7,1.9,1.7
"329",3.2,0.1,0.9,0.9,7.6e-06,6.6e-06,8e-06,5.2,5.45,6.53333333333333,1.4,1.3,1.4
"330",3.2,0.1,0.9,1,5.8e-06,8.4e-06,5.9e-06,5.05,3.60333333333333,5.05,1.1,2,1.2
"331",3.2,0.5,0.1,0,1.000001,1.000001,1.000001,1000001,1000001,1000001,1,1,1
"332",3.2,0.5,0.1,0.1,0.9602978,0.9608168,0.9973501,277.367484298843,277.679750251176,2213.41845855363,3465.4,3463,451.5
"333",3.2,0.5,0.1,0.2,0.8100597,0.8069342,0.9460086,55.9092581025287,55.6726079890272,117.409893342921,14492.1,14496.9,8057.9
"334",3.2,0.5,0.1,0.3,0.6279456,0.6266366,0.8298868,27.8954971691503,27.8556008532158,39.19232275302,22511.8,22497,21176.3
"335",3.2,0.5,0.1,0.4,0.4294266,0.4291108,0.6679724,18.0149571588031,18.0775968581673,20.8555871499458,23837.5,23738.4,32030.1
"336",3.2,0.5,0.1,0.5,0.2102767,0.2122917,0.4611739,13.1145826173145,13.1715631703394,13.4129127157761,16034.6,16118.9,34382.8
"337",3.2,0.5,0.1,0.6,0.0005561,0.0003879,0.2055911,11.61692891058,9.55674922497583,9.60852643270241,51.8,38.7,21394.4
"338",3.2,0.5,0.1,0.7,8.47e-05,5.2e-05,0.0001361,8.06848484848485,8.94423076923077,7.02255769517839,9.8,6.6,19.8
"339",3.2,0.5,0.1,0.8,2.89e-05,3.93e-05,4.15e-05,7.17797619047619,9.53603174603175,11.5166666666667,4.3,5.1,4.4
"340",3.2,0.5,0.1,0.9,2.81e-05,2.13e-05,1.92e-05,6.06,10.8440476190476,6.19833333333333,4.1,2.6,4.1
"341",3.2,0.5,0.1,1,9.8e-06,1.55e-05,8e-06,6,7.71666666666667,3.04166666666667,1.5,2,2.4
"342",3.2,0.5,0.5,0,1.000001,1.000001,1.000001,1000001,1000001,1000001,1,1,1
"343",3.2,0.5,0.5,0.1,1.000001,1.000001,1.0000005,1000001,1000001,933334.1,1,1,1.2
"344",3.2,0.5,0.5,0.2,0.9993262,0.9992889,0.9994101,8895.96311594581,8557.76148731873,5682.55162432616,113.4,117.4,176.1
"345",3.2,0.5,0.5,0.3,0.990019,0.9897234,0.9906452,634.483957552775,628.190366334205,379.008826377064,1561.4,1576.5,2614.9
"346",3.2,0.5,0.5,0.4,0.9591085,0.9591759,0.9597464,160.702232641046,160.456396527054,92.5352235207509,5969.2,5979.5,10373.4
"347",3.2,0.5,0.5,0.5,0.8999565,0.8994388,0.8999276,66.3207199752817,66.3012168886312,38.3931247439107,13569.9,13567.5,23441
"348",3.2,0.5,0.5,0.6,0.8135149,0.8128562,0.8101759,35.5982534794673,35.4110277261418,20.6517001820954,22853.1,22956.5,39231.8
"349",3.2,0.5,0.5,0.7,0.6954826,0.6961085,0.6872714,21.5525666322283,21.5485125273001,12.8454412908662,32270,32305.1,53503.9
"350",3.2,0.5,0.5,0.8,0.549505,0.5487653,0.5302771,14.2694877406204,14.2381205759895,8.70495630724225,38510.6,38542.3,60918.2
"351",3.2,0.5,0.5,0.9,0.3607077,0.36145,0.3265844,9.88618483281007,9.88967042037544,6.26241170863181,36486,36548.6,52149.3
"352",3.2,0.5,0.5,1,0.0022495,0.0016348,0.0018256,6.74270071960656,6.41524387657033,4.65584857701422,323,243.4,389
"353",3.2,0.5,0.9,0,1.000001,1.000001,1.000001,1000001,1000001,1000001,1,1,1
"354",3.2,0.5,0.9,0.1,0.9595014,0.9599565,0.9973392,276.7978204701,275.28038957994,2209.25442464713,3467.6,3488.6,454.6
"355",3.2,0.5,0.9,0.2,0.8085341,0.808176,0.9464497,55.3492939411573,55.746018559647,118.221851083419,14609.5,14499.7,8007.9
"356",3.2,0.5,0.9,0.3,0.6274989,0.625782,0.8295622,27.7375980801282,27.791347427222,39.2382804391102,22623.7,22519,21142.9
"357",3.2,0.5,0.9,0.4,0.4290939,0.4298464,0.6652235,18.023228472978,17.9887754134257,20.7552314899008,23807.7,23895,32051.7
"358",3.2,0.5,0.9,0.5,0.2145078,0.212417,0.4605818,13.1965147120234,13.2346580531531,13.4431685940325,16256.4,16050.7,34262.8
"359",3.2,0.5,0.9,0.6,0.0003308,0.0005076,0.2028364,10.736747668495,8.99655109124144,9.53614504231897,33,51.2,21267.9
"360",3.2,0.5,0.9,0.7,9.19e-05,8.25e-05,0.0002294,9.1610291858679,15.1230513784461,8.00571540948038,9.6,9.2,30.5
"361",3.2,0.5,0.9,0.8,5.57e-05,5.98e-05,4.36e-05,10.6833333333333,9.04,8.03333333333333,6.8,8.3,6.9
"362",3.2,0.5,0.9,0.9,2.14e-05,2.48e-05,1.92e-05,6.05666666666667,6.50888888888889,5.8630303030303,3.2,3.4,4.4
"363",3.2,0.5,0.9,1,1.08e-05,1.9e-05,8.8e-06,4.55666666666667,6.0547619047619,3.45,2.4,3.1,2.2
"364",3.2,0.9,0.1,0,1.000001,1.000001,1.000001,1000001,1000001,1000001,1,1,1
"365",3.2,0.9,0.1,0.1,0.4370108,0.4346178,0.5666324,25.2049433749588,25.2495949529856,31.4964122268558,17339.1,17214,17994.2
"366",3.2,0.9,0.1,0.2,0.1203841,0.1198763,0.1855467,13.4273443636775,13.4069666118247,13.9233105490518,8967,8940.2,13327.2
"367",3.2,0.9,0.1,0.3,9.53e-05,0.0001127,0.0001231,19.993431372549,11.2091052416052,17.9509351215234,5.7,11.9,10.6
"368",3.2,0.9,0.1,0.4,4.9e-05,5.59e-05,3.64e-05,16.8866666666667,12.5702525252525,12.7653846153846,3.4,5.5,3.7
"369",3.2,0.9,0.1,0.5,2.32e-05,2.32e-05,2.6e-05,8.88809523809524,11.9583333333333,9.735,2.8,2.3,3.3
"370",3.2,0.9,0.1,0.6,1.32e-05,1.5e-05,1.66e-05,7.83333333333333,7.00333333333333,7.28333333333333,1.8,2.4,2.8
"371",3.2,0.9,0.1,0.7,1.17e-05,9.6e-06,1.03e-05,5.595,6.85,5.81666666666667,2.2,1.6,1.7
"372",3.2,0.9,0.1,0.8,7.7e-06,1.33e-05,7.6e-06,5.135,6.66666666666667,5.7,1.8,1.9,1.5
"373",3.2,0.9,0.1,0.9,7.5e-06,5.6e-06,6.1e-06,5.85,3.85,4.58333333333333,1.4,1.6,1.5
"374",3.2,0.9,0.1,1,5.5e-06,6.3e-06,4.2e-06,3.31666666666667,4.96666666666667,3.225,1.6,1.4,1.3
"375",3.2,0.9,0.5,0,1.000001,1.000001,1.000001,1000001,1000001,1000001,1,1,1
"376",3.2,0.9,0.5,0.1,0.9603856,0.9612569,0.9972978,273.04342443785,281.066564063525,2223.58100484041,3520.3,3422.3,451.2
"377",3.2,0.9,0.5,0.2,0.8096145,0.8081505,0.9460352,55.8578320791226,55.5064378874577,118.161329535686,14497.8,14561,8009
"378",3.2,0.9,0.5,0.3,0.6256194,0.6244266,0.8304651,27.8500849384967,27.8616277999748,39.3114300907356,22465.1,22413.3,21127.8
"379",3.2,0.9,0.5,0.4,0.430499,0.4334101,0.6669419,18.0744791250447,18.0652934818326,20.9133030704009,23818.2,23991.2,31892.5
"380",3.2,0.9,0.5,0.5,0.2115169,0.2131049,0.4617956,13.1217026871552,13.1578869135252,13.4015502301683,16120.9,16195.6,34459.2
"381",3.2,0.9,0.5,0.6,0.0004329,0.000415,0.2049482,10.0566447073857,12.5558058765863,9.56987209845083,44.4,39.7,21417
"382",3.2,0.9,0.5,0.7,9.57e-05,7.55e-05,0.0001449,11.9023728705823,10.9696006144393,9.22548623901538,9.2,8.6,17.8
"383",3.2,0.9,0.5,0.8,3.44e-05,5.38e-05,3.43e-05,16.0666666666667,7.85660173160173,6.56880952380952,2.9,7.5,5
"384",3.2,0.9,0.5,0.9,2.51e-05,3.46e-05,2.14e-05,6.89472222222222,8.60535714285714,4.64494047619048,4.2,4.3,5.1
"385",3.2,0.9,0.5,1,1.45e-05,1.08e-05,1.18e-05,7.05166666666667,5.16666666666667,5.29714285714286,2.5,2.3,2.7
"386",3.2,0.9,0.9,0,1.000001,1.000001,1.000001,1000001,1000001,1000001,1,1,1
"387",3.2,0.9,0.9,0.1,1.000001,1.000001,1.000001,1000001,1000001,1000001,1,1,1
"388",3.2,0.9,0.9,0.2,0.9993263,0.9993568,0.9993729,9308.46441273761,9983.39217541068,5468.49844835378,111.6,102.7,186
"389",3.2,0.9,0.9,0.3,0.9899072,0.9899477,0.9904351,634.919587316363,645.726745002461,371.450485892541,1561,1534.9,2667.3
"390",3.2,0.9,0.9,0.4,0.9591879,0.9591534,0.9601183,160.565392616333,160.695275391239,92.5368027924651,5975.3,5971,10377.4
"391",3.2,0.9,0.9,0.5,0.9008361,0.8997644,0.8997525,66.5895528853828,66.2613206993607,38.3819378223914,13529.1,13581.3,23443.4
"392",3.2,0.9,0.9,0.6,0.8122972,0.8122143,0.8093293,35.3166344131605,35.4140834017243,20.6866235920726,23001.4,22936.1,39124.4
"393",3.2,0.9,0.9,0.7,0.6977924,0.6959201,0.6856578,21.6617917183058,21.5587803128819,12.7910466042682,32214.1,32281.2,53605.5
"394",3.2,0.9,0.9,0.8,0.5506365,0.5498852,0.5298835,14.2903755353227,14.23965277272,8.70127609213956,38533.2,38618.2,60898.2
"395",3.2,0.9,0.9,0.9,0.360854,0.3615747,0.3277835,9.88497930940955,9.89624308537407,6.27111064474618,36504.5,36537,52268
"396",3.2,0.9,0.9,1,0.0015732,0.0008987,0.0036009,6.89497444031465,6.398994693309,4.64033646941828,223.9,132.7,773
"397",6.4,0.1,0.1,0,1.000001,1.000001,1.000001,1000001,1000001,1000001,1,1,1
"398",6.4,0.1,0.1,0.1,1.000001,1.0000006,1.0000009,1000001,950000.75,950000.9,1,1.1,1.1
"399",6.4,0.1,0.1,0.2,0.9992314,0.9992518,0.9993066,6759.46195891884,6497.08309601211,3718.07073374159,149.7,156.5,269.9
"400",6.4,0.1,0.1,0.3,0.989108,0.9893064,0.9895684,472.668812090981,474.73259236928,255.083867563891,2094.3,2084.4,3880.8
"401",6.4,0.1,0.1,0.4,0.9577614,0.9577018,0.9584227,121.147629817884,120.516317518624,64.5739605117297,7906.8,7947.1,14843.5
"402",6.4,0.1,0.1,0.5,0.8993386,0.8995125,0.9000678,49.7368088016233,49.8129833251523,26.7265001721803,18082.6,18058.6,33677.8
"403",6.4,0.1,0.1,0.6,0.815621,0.8166219,0.8148323,26.0660551319245,26.197910746841,14.1216931358407,31291.3,31172.2,57702
"404",6.4,0.1,0.1,0.7,0.7084272,0.7081964,0.7022534,15.4546322152307,15.450136287477,8.43944508890482,45839.9,45838.2,83211.3
"405",6.4,0.1,0.1,0.8,0.5690766,0.5688808,0.5615285,9.39908262013951,9.39835920870143,5.39877642739154,60546.4,60530.3,104010.5
"406",6.4,0.1,0.1,0.9,0.4068405,0.4072065,0.3824767,6.27985170585795,6.27895732308922,3.64187078900276,64785.1,64853,105021.9
"407",6.4,0.1,0.1,1,0.0002401,0.0003743,0.0004637,3.31553452052397,3.82281276714623,2.33007679762358,61.3,92.3,194
"408",6.4,0.1,0.5,0,1.000001,1.000001,1.000001,1000001,1000001,1000001,1,1,1
"409",6.4,0.1,0.5,0.1,0.9989551,0.9989249,0.9999937,6002.33242867442,5659.96636621225,370951.00047619,168.1,177.5,3.9
"410",6.4,0.1,0.5,0.2,0.9754257,0.975079,0.9971649,249.024383002051,246.424591056939,1095.69093794057,3917.8,3957.5,912.1
"411",6.4,0.1,0.5,0.3,0.9193858,0.9194649,0.9787349,75.4288529949361,75.8740539885895,147.060926690061,12190.7,12119.4,6657
"412",6.4,0.1,0.5,0.4,0.8448095,0.8441071,0.9345156,38.312308050331,38.2995305262314,47.914633903416,22051.5,22040.3,19504.6
"413",6.4,0.1,0.5,0.5,0.7575397,0.7572162,0.8637558,23.5166996658335,23.495905350779,22.4635342140145,32213.3,32228.3,38453
"414",6.4,0.1,0.5,0.6,0.6545308,0.6539763,0.7663884,15.5462747459534,15.5324939524487,12.6447061798237,42102.4,42105,60609.9
"415",6.4,0.1,0.5,0.7,0.5328489,0.5334448,0.6406546,10.5750726319384,10.5749456348584,7.86835358486157,50388.2,50444.7,81421.8
"416",6.4,0.1,0.5,0.8,0.3879931,0.3882009,0.4815046,7.27497116134687,7.27692123409763,5.16052298872998,53333.5,53347.2,93305.6
"417",6.4,0.1,0.5,0.9,0.190765,0.1898625,0.2626359,5.02132847908974,5.00766006922484,3.53147929421888,37990.7,37914.2,74370.2
"418",6.4,0.1,0.5,1,1.22e-05,1.87e-05,1.47e-05,3.36916666666667,3.23271241830065,2.88327505827506,3.5,5.7,5.4
"419",6.4,0.1,0.9,0,1.000001,1.000001,1.000001,1000001,1000001,1000001,1,1,1
"420",6.4,0.1,0.9,0.1,0.9735582,0.9733427,0.9996844,279.519182433453,275.45160510409,12251.0388451555,3485.5,3534.8,82.1
"421",6.4,0.1,0.9,0.2,0.8645197,0.8640524,0.9847787,51.6243429386983,51.5119188477619,254.541042614974,16747,16774.3,3870.3
"422",6.4,0.1,0.9,0.3,0.7358809,0.7357432,0.9358574,25.0150709265685,24.9905772002252,61.1681454720668,29418.1,29441.6,15300.9
"423",6.4,0.1,0.9,0.4,0.6087462,0.607994,0.856405,16.0266467533602,15.9957002656143,27.1594019324407,37984.1,38010.1,31533.3
"424",6.4,0.1,0.9,0.5,0.4770377,0.4784933,0.7511634,11.5764093653739,11.5647077723926,15.3609229883212,41208.2,41375.9,48901.5
"425",6.4,0.1,0.9,0.6,0.3382041,0.3349432,0.6197793,8.79075743666259,8.76872199915381,9.73885078793335,38472.9,38197.5,63641.9
"426",6.4,0.1,0.9,0.7,0.180684,0.1792549,0.4549889,6.8190838910267,6.85496531990492,6.58986981905461,26496.4,26147.8,69044.2
"427",6.4,0.1,0.9,0.8,0.000293,0.0002869,0.2396185,5.04660977855044,5.97716103434594,4.56185075440137,55.7,52.8,52527.3
"428",6.4,0.1,0.9,0.9,2.29e-05,1.44e-05,4.77e-05,4.52944444444444,3.63035714285714,2.98764652014652,5.3,3.6,15.8
"429",6.4,0.1,0.9,1,7.6e-06,6.5e-06,9.1e-06,2.97333333333333,3.625,2.07,2.4,2.1,3.5
"430",6.4,0.5,0.1,0,1.000001,1.000001,1.000001,1000001,1000001,1000001,1,1,1
"431",6.4,0.5,0.1,0.1,0.9988391,0.9989808,0.9999873,5521.60309488047,5843.10188907813,244753.94953602,182.8,172.1,5.3
"432",6.4,0.5,0.1,0.2,0.9749677,0.9751656,0.9971551,246.699845999487,246.121442274166,1105.6599195647,3952.6,3963.3,903.1
"433",6.4,0.5,0.1,0.3,0.9202629,0.9187683,0.9785032,76.0067930810006,75.4416160356327,146.862877574773,12109.3,12179,6663.4
"434",6.4,0.5,0.1,0.4,0.8450062,0.8445399,0.9349995,38.4166295377978,38.5241652811415,47.9823248980357,21997.7,21922.6,19486.7
"435",6.4,0.5,0.1,0.5,0.757211,0.7579296,0.8635418,23.5021411430462,23.5079348967774,22.4507773847154,32219.2,32243.6,38464.7
"436",6.4,0.5,0.1,0.6,0.6550005,0.6540126,0.7661092,15.5204610638922,15.5102583783798,12.6466752974001,42203,42167,60578.7
"437",6.4,0.5,0.1,0.7,0.5351813,0.5326517,0.6409836,10.6118306369642,10.5730666922455,7.87753640415177,50433.1,50378.4,81369.4
"438",6.4,0.5,0.1,0.8,0.3860539,0.385612,0.4806227,7.27440624750691,7.26505759370621,5.15492619667027,53069.8,53077.6,93236
"439",6.4,0.5,0.1,0.9,0.1915605,0.1904983,0.2620608,5.00939917889031,5.01256444499099,3.53971292920741,38240.4,38004.2,74036.9
"440",6.4,0.5,0.1,1,7.8e-06,1.53e-05,1.23e-05,3.225,2.66207729468599,2.52408424908425,2.2,5.4,4.5
"441",6.4,0.5,0.5,0,1.000001,1.000001,1.000001,1000001,1000001,1000001,1,1,1
"442",6.4,0.5,0.5,0.1,0.9999999,1.0000008,1.000001,950000.4,950000.85,1000001,1.1,1.1,1
"443",6.4,0.5,0.5,0.2,0.9992205,0.9992183,0.9992771,6375.82288020765,6289.0458360105,3534.26524438412,157.9,160.6,284.5
"444",6.4,0.5,0.5,0.3,0.9891187,0.989537,0.9895984,471.335018870127,478.487688435926,255.036406818935,2101,2069.2,3881.4
"445",6.4,0.5,0.5,0.4,0.9577895,0.9577812,0.9581217,120.794440490088,120.806045919949,64.5020100358535,7929.9,7928.8,14855.1
"446",6.4,0.5,0.5,0.5,0.9004555,0.9004032,0.9002915,50.2606555480289,50.0511154056848,26.7946748327458,17916.6,17990.5,33600.8
"447",6.4,0.5,0.5,0.6,0.8170253,0.8171043,0.8143704,26.1810526236581,26.1941795276386,14.0648928010887,31207,31194.7,57902.2
"448",6.4,0.5,0.5,0.7,0.7079271,0.7078099,0.7026908,15.4047716083102,15.4577718667233,8.44002195191465,45955.7,45790.2,83257.3
"449",6.4,0.5,0.5,0.8,0.5677758,0.5688323,0.5597031,9.3962640518252,9.4007995311074,5.38648903810437,60426.3,60509.1,103909.4
"450",6.4,0.5,0.5,0.9,0.4066854,0.4053751,0.3827545,6.28084208001249,6.2802185457526,3.64494332447218,64750.2,64548.1,105010
"451",6.4,0.5,0.5,1,0.0004697,0.0004743,0.000398,3.7680140680156,4.06397199820969,2.5944913831032,126.2,119,163.7
"452",6.4,0.5,0.9,0,1.000001,1.000001,1.000001,1000001,1000001,1000001,1,1,1
"453",6.4,0.5,0.9,0.1,0.9989221,0.9989198,0.9999937,5672.27564535731,5599.91953324146,340236.766190476,177.6,179,3.7
"454",6.4,0.5,0.9,0.2,0.975074,0.9746242,0.9971168,245.512455219622,245.044532785396,1074.90949283667,3972.2,3979.4,929.5
"455",6.4,0.5,0.9,0.3,0.9204724,0.9190968,0.9787274,76.4482467047962,75.4996513978785,148.224373403183,12041.2,12174.1,6604.1
"456",6.4,0.5,0.9,0.4,0.8446304,0.8460946,0.9347959,38.2609372310516,38.6633538162223,47.8907270688381,22076.3,21884.6,19521.5
"457",6.4,0.5,0.9,0.5,0.7571227,0.7568473,0.8645774,23.449412498145,23.4880906002033,22.4665931009276,32289.3,32223.7,38483.9
"458",6.4,0.5,0.9,0.6,0.6539815,0.6545899,0.7657512,15.5226408244329,15.5227965837896,12.6342888655782,42131.5,42169.7,60609.5
"459",6.4,0.5,0.9,0.7,0.5329002,0.5340665,0.6406419,10.5933843793671,10.6128781785128,7.85535433471598,50305.5,50322.8,81555.1
"460",6.4,0.5,0.9,0.8,0.3868657,0.3865474,0.4804416,7.26615680412468,7.25373832619551,5.15209451943122,53241.7,53290,93251.8
"461",6.4,0.5,0.9,0.9,0.190941,0.191202,0.2618387,5.01782583460912,5.01486620913169,3.53151243047252,38052.4,38127,74144
"462",6.4,0.5,0.9,1,1.42e-05,1.56e-05,1.75e-05,3.82982456140351,4.93630952380952,2.56911764705882,4,3.9,7.2
"463",6.4,0.9,0.1,0,1.000001,1.000001,1.000001,1000001,1000001,1000001,1,1,1
"464",6.4,0.9,0.1,0.1,0.9731085,0.9740006,0.9997102,275.095525481085,280.42390362913,13318.7202539954,3539,3473.9,78.1
"465",6.4,0.9,0.1,0.2,0.863612,0.8644275,0.9850126,51.2837778698045,51.4166235718302,254.399956179329,16841.5,16812.8,3873.7
"466",6.4,0.9,0.1,0.3,0.7371263,0.7373964,0.9360383,25.0152809632903,25.0098856108844,61.0743522359891,29467.7,29484.8,15329.7
"467",6.4,0.9,0.1,0.4,0.6082396,0.6090737,0.856949,16.0302006327868,15.9977060158739,27.2198629716191,37944.1,38073.2,31483.7
"468",6.4,0.9,0.1,0.5,0.4773754,0.4776857,0.7503208,11.5665830525128,11.5447026831356,15.3056273802637,41272,41376.9,49023.4
"469",6.4,0.9,0.1,0.6,0.3394882,0.3374076,0.6193653,8.8143282225967,8.77958752321377,9.76516859673898,38516,38430.8,63426.4
"470",6.4,0.9,0.1,0.7,0.1784787,0.1784009,0.4565597,6.819360257727,6.81577349404284,6.59922218993319,26173.2,26176.6,69185.2
"471",6.4,0.9,0.1,0.8,0.0007352,0.0003871,0.2412764,5.15883780000227,5.28828149513592,4.58443906179563,142.1,76.6,52629.8
"472",6.4,0.9,0.1,0.9,3.07e-05,1.65e-05,7.64e-05,3.72666666666667,4.15642857142857,3.77926181338499,8.3,3.6,22.3
"473",6.4,0.9,0.1,1,1.21e-05,8.3e-06,5.3e-06,3.16071428571429,2.6,2.53333333333333,3.6,3.1,2.1
"474",6.4,0.9,0.5,0,1.000001,1.000001,1.000001,1000001,1000001,1000001,1,1,1
"475",6.4,0.9,0.5,0.1,0.9989237,0.9989988,0.9999918,5457.40641186411,6133.85297459712,328331.731666667,185,163.6,4.1
"476",6.4,0.9,0.5,0.2,0.9750442,0.9752425,0.997185,244.540268837025,246.93794868073,1091.16236363661,3989,3950.4,915
"477",6.4,0.9,0.5,0.3,0.919856,0.9195413,0.9787409,76.1140361511124,76.0726076249206,146.954632772638,12086.2,12089.4,6662.5
"478",6.4,0.9,0.5,0.4,0.8442067,0.8455551,0.934886,38.2302166165931,38.5099883156041,47.8878691530493,22082.6,21957.8,19523.4
"479",6.4,0.9,0.5,0.5,0.7573839,0.7571048,0.8636575,23.4744784900685,23.5156597010824,22.4533842577631,32264.6,32196.6,38465.7
"480",6.4,0.9,0.5,0.6,0.6538077,0.6539756,0.766863,15.5028111534848,15.5416535411685,12.6396785211026,42174,42079.3,60671.4
"481",6.4,0.9,0.5,0.7,0.5340194,0.5345128,0.6406425,10.6232212966264,10.618870715764,7.86968392725108,50269.4,50336.5,81406.8
"482",6.4,0.9,0.5,0.8,0.3868164,0.3869027,0.4791878,7.26604150689597,7.28923332621908,5.14983469347309,53235.9,53078.4,93049.7
"483",6.4,0.9,0.5,0.9,0.1908886,0.1905159,0.261826,5.00526088806209,5.01764966639819,3.53504505088833,38137.5,37968.4,74065.8
"484",6.4,0.9,0.5,1,1.81e-05,8.6e-06,1.71e-05,3.31174603174603,3.60833333333333,2.17584126984127,4.9,2.4,7.3
"485",6.4,0.9,0.9,0,1.000001,1.000001,1.000001,1000001,1000001,1000001,1,1,1
"486",6.4,0.9,0.9,0.1,1.000001,1.000001,1.0000006,1000001,1000001,875000.75,1,1,1.4
"487",6.4,0.9,0.9,0.2,0.9991752,0.9991821,0.9992426,6134.82925588928,6245.83035713983,3423.38835857804,163.7,160.6,292.9
"488",6.4,0.9,0.9,0.3,0.9892287,0.9892503,0.9897868,475.422482057212,475.239096767027,258.68606812406,2082,2083.5,3826.7
"489",6.4,0.9,0.9,0.4,0.9581862,0.9577831,0.9583721,121.829000795447,120.469505312557,64.7621286151777,7865.9,7952.6,14799.7
"490",6.4,0.9,0.9,0.5,0.900159,0.899367,0.8995548,50.0166324382214,49.9630355342883,26.6677051654296,17998.6,18003,33733
"491",6.4,0.9,0.9,0.6,0.8162041,0.8165749,0.8145029,26.1432065525772,26.1551392403169,14.104922587081,31221.5,31220.7,57746.7
"492",6.4,0.9,0.9,0.7,0.7079809,0.7088782,0.7026704,15.4524897851593,15.4596735953576,8.43671069298792,45817.1,45853.7,83287.8
"493",6.4,0.9,0.9,0.8,0.5683481,0.5681657,0.5619607,9.39576694204101,9.39088465363617,5.39571561588342,60490.1,60502.1,104150.1
"494",6.4,0.9,0.9,0.9,0.4055368,0.4073015,0.383256,6.28043717817205,6.28412085160447,3.64302450748627,64571.9,64814.4,105203.3
"495",6.4,0.9,0.9,1,0.0003409,0.0004914,0.0004374,3.911818190593,3.83757461942604,2.33912072725904,84.6,131,183.6
